,Tiers,ROI_Mean
0,4,2.66466076579254
1,3,5.751416179443601
2,2,6.442151812147419
3,1,7.235902009870812
